,Supplier_Lead_Time,Inventory_Levels,Order_Frequency,Delivery_Performance,Cost_Per_Unit
Supplier_Lead_Time,1.0,0.0679076842199819,-0.11170881035904004,0.10974291106792021,0.1030614004772082
Inventory_Levels,0.0679076842199819,1.0,-0.053981928127788785,0.03230567523292563,-0.0723285575040714
Order_Frequency,-0.11170881035904004,-0.053981928127788785,1.0,-0.07831742327132236,0.02393236153488696
Delivery_Performance,0.10974291106792021,0.03230567523292563,-0.07831742327132236,1.0,-0.10312958939270227
Cost_Per_Unit,0.1030614004772082,-0.0723285575040714,0.02393236153488696,-0.10312958939270227,1.0
